,rescheduling-normal-time,converged_iterations,total_time
ta21 - 副本,1897.0,2978.0,1942.1723086833954
ta21,1828.0,2852.0,1864.5922646522522
